<!DOCTYPE suite SYSTEM "https://testng.org/testng-1.0.dtd">

<suite name="Smoke Tests" verbose="1">
    <test name="Positive Scenarios">
        <classes>
            <class name="Tests.Wishlist."/>
            <class name="Tests.Wishlist.MoveWishlistToCart"/>
            <class name="Tests.Wishlist.RemoveFromWishlist"/>
            <class name="Tests.Wishlist.WishlistPersistence"/>
        </classes>
    </test>

    <test name="Sanatiy Scenarios">
    <classes>
        <class name="Tests.Grid_List.SwitchToListView01"/>
        <class name="Tests.Grid_List.SwitchToListView02"/>
        <class name="Tests.Grid_List.SwitchToListView03"/>
    </classes>
    </test>

    <test name="Automate Scenarios">
        <classes>
            <class name="Tests.ProdductCard.AddToWishlist01"/>
            <class name="Tests.ProdductCard.AddToWishlist02"/>
            <class name="Tests.ProdductCard.AddToWishlist03"/>
            <class name="Tests.ProdductCard.AddToWishlist04"/>
        </classes>
    </test>

    <test name="Confirmation Scenarios">
        <classes>
            <class name="Tests.NavigateTopCategory.navigateTopCategory01"/>
            <class name="Tests.NavigateTopCategory.NavigateSubCategory02"/>
            <class name="Tests.NavigateTopCategory.OpenCategoryDirectURL03"/>
        </classes>
    </test>



</suite>